id,topic_en,topic_ko,keywords
sushi-etiquette-beginners,"Sushi Etiquette: 10 Rules for Beginners","일본 스시 매너: 초보자를 위한 10가지 규칙","sushi etiquette japan travel tips"
omakase-vs-kaiten-guide,"Omakase vs. Kaiten: Which is right for you?","오마카세 vs 회전초밥: 나에게 맞는 스타일은?","omakase kaiten sushi difference"
ultimate-edomae-sushi,"The Ultimate Guide to Edomae Sushi","에도마에 스시의 완벽 가이드","edomae sushi history tokyo"
best-ginza-luxury-sushi,"Top 10 High-End Sushi Restaurants in Ginza","긴자 최고의 하이엔드 스시 맛집 TOP 10","ginza luxury sushi best omakase"
how-to-order-sushi-japanese,"How to Order Sushi in Japanese: Essential Phrases","일본어로 스시 주문하기: 필수 표현 모음","order sushi japanese phrases travel"
tsukiji-vs-toyosu-market,"Tsukiji vs. Toyosu: Which Fish Market to Visit?","츠키지 vs 토요스: 어떤 수산시장을 가야 할까?","tsukiji toyosu fish market tokyo"
spring-seasonal-fish-guide,"Seasonal Fish Guide: What to Eat in Spring","봄에 꼭 먹어야 할 제철 생선 가이드","spring sushi fish seasonal japan"
secret-of-sushi-shari,"The Secret of Sushi Rice (Shari)","스시 맛의 핵심: 샤리(초밥용 밥)의 비밀","sushi rice shari vinegar secret"
best-budget-sushi-chains,"Best Budget Sushi Chains in Japan","일본 최고의 가성비 체인 초밥집 추천","budget sushi chain sushiro kura"
maguro-tuna-parts-guide,"A Guide to Different Types of Tuna (Maguro)","참치(마구로) 부위별 완벽 가이드","maguro tuna types otoro chutoro"
standing-sushi-bar-experience,"Standing Sushi Bars: Fast and Delicious","서서 먹는 스시(타치구이): 빠르고 맛있는 경험","standing sushi bar tachigui japan"
hokkaido-fresh-sushi-guide,"Hokkaido Sushi: Freshness from the North","홋카이도 스시: 북쪽 바다의 신선함","hokkaido sushi sapporo otaru seafood"
osaka-hakozushi-style,"Osaka Style Sushi: Hakozushi and More","오사카 스타일 스시: 하코즈시와 특징","osaka sushi hakozushi traditional"
best-sushi-pairing-drinks,"Sushi Pairing: Best Drinks for Sushi","스시와 잘 어울리는 최고의 음료 궁합","sushi pairing sake green tea drink"
spotting-high-quality-sushi,"How to Spot a High-Quality Sushi Restaurant","고퀄리티 스시 맛집을 구별하는 법","find good sushi quality tips"
summer-seasonal-fish-guide,"Seasonal Fish Guide: What to Eat in Summer","여름에 즐기는 제철 생선 가이드","summer sushi seasonal fish japan"
vegetarian-vegan-sushi-options,"Vegetarian and Vegan Sushi Options in Japan","일본의 채식 및 비건 스시 옵션","vegetarian vegan sushi japan options"
history-of-sushi-origin,"The History of Sushi: From Narezushi to Now","스시의 역사: 나레즈시부터 현재까지","history of sushi origin japan"
best-sushi-tokyo-station,"Best Sushi Spots Near Tokyo Station","도쿄역 근처 최고의 스시 맛집","tokyo station sushi best restaurants"
what-to-expect-omakase,"Ordering 'Omakase': What to Expect","'오마카세' 주문 시 기대할 수 있는 것들","ordering omakase guide sushi menu"
uni-lovers-guide-japan,"Uni (Sea Urchin) Lover's Guide to Japan","성게알(우니) 매니아를 위한 일본 가이드","uni sea urchin sushi best spots"
kyoto-traditional-sushi-guide,"Kyoto Sushi: Sabazushi and Traditional Flavors","교토 스시: 고등어초밥과 전통의 맛","kyoto sushi sabazushi traditional"
fukuoka-fresh-seafood-sushi,"Fukuoka Sushi Guide: Fresh Catch from Genkai Sea","후구오카 스시 가이드: 겐카이해의 신선함","fukuoka sushi hakata seafood"
autumn-seasonal-fish-guide,"Seasonal Fish Guide: What to Eat in Autumn","가을에 맛보는 제철 생선 가이드","autumn sushi seasonal fish seasonal"
real-vs-fake-wasabi-art,"The Art of Wasabi: Real vs. Fake","와사비의 예술: 진짜와 가짜 구별법","real wasabi honwasabi sushi tips"
family-friendly-sushi-kids,"Sushi for Kids: Family-Friendly Options","아이와 함께 즐기는 스시: 가족 추천 메뉴","family sushi kids friendly japan"
kanazawa-luxury-seafood-gems,"Kanazawa Sushi: Luxury Seafood Gems","카나자와 스시: 화려한 해산물의 보석","kanazawa sushi luxury seafood"
understanding-sushi-miso-soup,"Understanding Miso Soup in Sushi Meals","스시와 함께 나오는 미소시루의 이해","sushi miso soup types dashi"
best-sushi-view-tokyo,"Best Sushi Restaurants with a View in Tokyo","도쿄에서 전망 좋은 스시 레스토랑 추천","tokyo sushi view luxury dining"
winter-seasonal-fish-guide,"Seasonal Fish Guide: What to Eat in Winter","겨울에 즐기는 제철 생선 가이드","winter sushi seasonal fish buri"
proper-chopsticks-etiquette,"How to Use Chopsticks Properly at Sushi Bars","스시바에서 젓가락을 올바르게 사용하는 법","chopsticks etiquette sushi bar japan"
sushi-takeout-options-travelers,"Sushi Takeout: Best Options for Travelers","테이크아웃 스시: 여행자를 위한 최고의 선택","sushi takeout bento japan travel"
kaiten-sushi-hacks-tips,"Conveyor Belt Sushi Hacks: Tips and Tricks","회전초밥 200% 즐기는 꿀팁과 요령","kaitensushi hacks tips ordering"
mastering-nigiri-sushi-guide,"Mastering Nigiri: The One-Bite Wonder","니기리 스시 마스터하기: 한 입의 미학","nigiri sushi master guide"
role-of-pickled-ginger-gari,"The Role of Gari (Pickled Ginger)","초생강(가리)의 역할과 올바른 섭취법","gari pickled ginger sushi purpose"
michelin-star-sushi-worth-it,"Michelin Star Sushi in Tokyo: Worth the Price?","도쿄 미슐랭 스타 스시: 가격만큼 가치가 있을까?","michelin sushi tokyo worth price"
shinjuku-hidden-sushi-gems,"Hidden Sushi Gems in Shinjuku Backstreets","신주쿠 골목길에 숨겨진 스시 맛집","shinjuku hidden sushi local gem"
how-to-book-sushi-apps,"Sushi Apps: How to Book Hard-to-Get Tables","스시 예약 앱: 인기 맛집 예약하는 방법","sushi booking app reservation japan"
unagi-vs-anago-eel-sushi,"Eel Sushi: Unagi vs. Anago","장어 초밥의 모든 것: 우나기 vs 아나고","unagi anago sushi difference"
sushi-making-classes-tokyo,"Sushi Workshops: Learn to Make Sushi in Tokyo","스시 워크숍: 도쿄에서 직접 스시 만들어보기","sushi making class tokyo workshop"
best-standing-sushi-shibuya,"Best Standing Sushi in Shibuya","시부야 최고의 타치구이(입석) 스시 맛집","shibuya standing sushi best bar"
white-fish-varieties-explained,"White Fish Varieties (Shiromi) Explained","흰살 생선(시로미) 종류와 맛의 특징","white fish shiromi sushi types"
blue-backed-fish-hikari-mono,"Blue-backed Fish (Hikari-mono) Guide","등푸른 생선(히카리모노) 가이드","hikari-mono blue fish sushi"
shellfish-sushi-varieties-guide,"Shellfish Sushi: From Scallops to Clams","조개류 스시의 세계: 가리비부터 대합까지","shellfish sushi hotate shellfish"
paying-etiquette-japan-restaurants,"The Etiquette of Paying at Japanese Restaurants","일본 식당에서 계산할 때의 매너","paying etiquette japan restaurant"
late-night-sushi-tokyo-spots,"Late Night Sushi Spots in Tokyo","도쿄의 심야 스시 맛집 추천","late night sushi tokyo open"
solo-traveler-sushi-spots,"Sushi for Solo Travelers: Where to Go","혼자 여행하는 사람들을 위한 스시 맛집","solo traveler sushi japan friendly"
exploring-gunkan-maki-rolls,"Exploring Gunkan-maki (Battleship Rolls)","군함말이(군칸마키)의 유래와 인기 메뉴","gunkan maki battleship roll sushi"
high-end-vs-midrange-omakase,"High-End vs. Mid-Range Omakase","하이엔드 vs 미들급 오마카세 비교","omakase price range comparison"
best-seafood-don-kaisendon,"Best Seafood Donburi (Kaisendon) in Japan","일본 최고의 해산물 덮밥(카이센동) 맛집","kaisendon seafood donburi best"
mastering-inari-zushi-treat,"Mastering Inari-zushi: The Sweet Treat","유부초밥(이나리즈시) 마스터하기","inari sushi sweet traditional"
green-tea-sushi-match-pairing,"Sushi and Green Tea: Why they match","스시와 녹차: 왜 환상의 궁합일까?","sushi green tea pairing reason"
how-to-enjoy-wasabi-free-sushi,"How to Enjoy Sushi Without Wasabi","와사비 없이 스시를 즐기는 방법","sushi without wasabi order"
best-sushi-asakusa-traditional,"Best Sushi in Asakusa: Traditional Vibes","아사쿠사 최고의 스시 맛집: 전통의 분위기","asakusa sushi traditional best"
common-sushi-neta-dictionary,"Common Sushi Toppings (Neta) Dictionary","스시 토핑(네타) 사전: 주요 종류별 특징","sushi toppings neta dictionary"
mastering-chirashi-sushi-rainbow,"Mastering Chirashi Sushi: A Rainbow in a Bowl","지라시 스시 마스터하기: 그릇 안의 무지개","chirashi sushi traditional bowl"
sushi-craftsman-shokunin-spirit,"Edomae Sushi Craftsman: The Shokunin Spirit","에도마에 스시 장인: 쇼쿠닌 정신의 이해","sushi craftsman shokunin spirit"
bluefin-tuna-price-reason,"Why is Bluefin Tuna so Expensive?","참다랑어(혼마구로)는 왜 그렇게 비쌀까?","bluefin tuna expensive maguro"
best-market-sushi-breakfast,"Best Sushi Breakfast at Fish Markets","수산시장에서 즐기는 최고의 스시 조식","market sushi breakfast tsukiji"
winter-delicacies-seasonal-fish,"Seasonal Fish Guide: Winter Delicacies","겨울철 진미: 최고의 제철 생선","winter seasonal fish sushi"
oshi-zushi-pressed-sushi-guide,"Introduction to Oshi-zushi (Pressed Sushi)","오시즈시(누름초밥) 입문 가이드","oshi sushi pressed sushi traditional"
sushi-souvenirs-shopping-guide,"Sushi Souvenirs: What to Buy Home","스시 관련 기념품: 한국에 사갈만한 것들","sushi souvenir japan gift"
kaiten-sushi-technology-robots,"Top Conveyor Belt Sushi Tech: Touch Panels & Trains","회전초밥의 기술: 터치패널과 배달 기차","kaitensushi tech robot train"
regional-soy-sauce-variations,"Exploring Regional Soy Sauces for Sushi","지역별 스시 간장의 종류와 맛의 차이","sushi soy sauce regional variety"
tamagoyaki-sushi-chef-mark,"Tamagoyaki: The Mark of a Sushi Chef","타마고야키: 스시 셰프의 실력을 가늠하는 지표","tamagoyaki sushi egg omelet"
best-high-end-sushi-roppongi,"Best High-End Sushi in Roppongi","롯폰기 최고의 하이엔드 스시 맛집","roppongi luxury sushi omakase"
mastering-futomaki-big-rolls,"Mastering Futomaki: Big Rolls, Big Flavors","후토마키 마스터하기: 커다란 김밥의 매력","futomaki big roll sushi"
beginner-friendly-fish-options,"Sushi for Beginners: 5 Easiest Fish to Start","스시 입문자: 처음 시작하기 좋은 생선 5선","sushi beginner easy fish"
secret-of-aged-jukusei-sushi,"The Secret of Aged Sushi (Jukusei)","숙성 스시(쥬쿠세이)의 비밀과 풍미","aged sushi jukusei flavor"
how-to-read-sushi-kanji-menu,"How to Read Sushi Menus: Kanji Guide","스시 메뉴판 읽기: 필수 한자 가이드","sushi menu kanji reading"
akihabara-sushi-tourist-guide,"Best Sushi in Akihabara: Anime and Nigiri","아키하바라 스시 가이드: 애니메이션과 초밥","akihabara sushi guide tourist"
lemon-on-sushi-etiquette,"Is Squeezing Lemon on Sushi Correct?","스시에 레몬을 뿌려 먹는 게 맞을까?","sushi lemon etiquette tips"
sashimi-vs-sushi-differences,"Mastering Sashimi vs. Sushi","사시미 vs 스시: 차이점 완벽 정리","sashimi sushi difference guide"
cheap-sushi-bars-ueno-deals,"Top 5 Cheap Sushi Bars in Ueno","우에노 가성비 스시 맛집 TOP 5","ueno cheap sushi best deals"
art-of-temaki-hand-rolls,"The Art of Hand-rolls (Temaki)","손말이 김밥(테마키)의 예술","temaki hand roll sushi art"
guide-to-sushi-knives-hocho,"A Guide to Sushi Knives (Hocho)","스시 칼(호초)의 세계와 종류","sushi knives hocho craftsman"
understanding-zuke-marinated-sushi,"Understanding 'Zuke' (Marinated Sushi)","'즈케'(간장 절임) 스시의 이해","zuke sushi marinated maguro"
best-sushi-toyosu-market-area,"Best Sushi in Toyosu Market Area","토요스 시장 근처 최고의 스시 맛집","toyosu market sushi best spots"
common-sushi-scams-avoidance,"Common Sushi Scams to Avoid","여행자가 주의해야 할 스시 바가지 피하는 법","sushi scam avoid tips japan"
edomae-vs-kansai-sushi-styles,"Comparing Edomae and Kansai Styles","에도마에식 vs 칸사이식 스시 비교","edomae kansai sushi comparison"
unique-rare-sushi-in-japan,"The Most Unique Sushi in Japan","일본의 가장 독특하고 희귀한 스시들","unique rare sushi japan bizarre"
top-sushi-chains-for-ramen-lovers,"Top 3 Sushi Chains for Ramen Lovers","라멘 매니아를 위한 스시 체인 TOP 3","sushi chain ramen menu best"
sushi-for-non-raw-fish-eaters,"Sushi for Non-Raw Fish Eaters","날생선을 못 먹는 사람을 위한 스시","cooked sushi options non-raw"
nori-seaweed-quality-importance,"The Importance of Seaweed (Nori) Quality","김(노리)의 품질이 스시에 미치는 영향","sushi seaweed nori quality importance"
best-luxury-sushi-outside-tokyo,"Best Luxury Sushi Outside Tokyo","도쿄 외 지역의 최고의 하이엔드 스시","luxury sushi outside tokyo regions"
sake-and-sushi-pairing-guide,"Sushi and Sake Pairing Guide for Beginners","초보자를 위한 스시와 사케 페어링 가이드","sushi sake pairing beginner"
ikura-salmon-roe-variations,"Exploring Ikura (Salmon Roe) Variations","이쿠라(연어알)의 종류와 맛의 차이","ikura salmon roe sushi varieties"
how-to-talk-to-sushi-master,"How to Talk to the Sushi Master (Taisho)","스시 장인(타이쇼)과 대화하는 법","talk to sushi chef etiquette"
standing-sushi-culture-tachigui,"Standing Sushi Culture in Japan","일본의 서서 먹는 스시 문화 이해하기","standing sushi culture tachigui"
best-sushi-near-major-airports,"Best Sushi Restaurants Near Airports","일본 주요 공항 근처 스시 맛집","airport sushi narita haneda kansai"
sushi-grades-quality-ranking,"Understanding Sushi Grades and Quality","스시의 등급과 품질 등급의 이해","sushi grades quality ranking"
all-you-can-eat-sushi-tokyo,"Best All-You-Can-Eat Sushi in Tokyo","도쿄 최고의 무한 리필(타베호다이) 스시 맛집","tokyo all you can eat sushi"
future-of-sushi-tech-robots,"The Future of Sushi: Technology and Robots","스시의 미래: 기술과 로봇 초밥","future of sushi robot tech"
ginza-best-value-lunch-sushi,"Top 5 Sushi Spots in Ginza for Lunch","긴자에서 즐기는 가성비 런치 스시 TOP 5","ginza lunch sushi best value"
role-of-salt-in-modern-sushi,"The Role of Salt in Modern Sushi","현대 스시에서 소금의 역할과 중요성","salt in sushi modern seasoning"
anago-sea-eel-sushi-delicacy,"Mastering Anago: Sea Eel Delicacy","바다장어(아나고) 스시 마스터하기","anago sea eel sushi guide"
affordable-omakase-under-100-dollars,"Best Places for Omakase Under $100","100달러 이하 최고의 가성비 오마카세 맛집","affordable omakase under 100"
osaka-sushi-english-menu-tourist,"Sushi Bars with English Menus in Osaka","오사카의 영문 메뉴가 있는 스시 맛집","osaka sushi english menu tourist"
dress-code-high-end-sushi-bars,"How to Dress for High-End Sushi Bars","하이엔드 스시바에 갈 때의 복장 가이드","sushi bar dress code etiquette"
ultimate-sushi-map-japan-wrapup,"Wrap-up: Building Your Ultimate Sushi Map","마무리: 나만의 완벽한 스시 지도 만들기","sushi map japan wrap up guide"